id,experiment_id,sample_name_short,met_id,slope,intercept,r2,rate,rate_units,p_value,std_err,used_,comment_
167,ALEsKOs01,OxicEvo04EcoliGlc_Broth-4,biomass,0.907135181,-16026156.72,0.996040666,0.907135181,hr-1,5.89E-06,0.028596609,TRUE,NULL
168,ALEsKOs01,OxicEvo04EcoliGlc_Broth-5,biomass,0.926340526,-16365453.28,0.999536889,0.926340526,hr-1,8.04E-08,0.009969738,TRUE,NULL
169,ALEsKOs01,OxicEvo04EcoliGlc_Broth-6,biomass,0.913643288,-16141133.98,0.999343368,0.913643288,hr-1,1.62E-07,0.011709827,TRUE,NULL
161,ALEsKOs01,OxicEvo04Evo01EPEcoliGlc_Broth-1,biomass,0.969185343,-17121322.02,0.999175516,0.969185343,hr-1,1.75E-10,0.01136584,TRUE,NULL
162,ALEsKOs01,OxicEvo04Evo01EPEcoliGlc_Broth-2,biomass,0.926480923,-16366919.25,0.999038333,0.926480923,hr-1,2.78E-10,0.011734973,TRUE,NULL
163,ALEsKOs01,OxicEvo04Evo01EPEcoliGlc_Broth-3,biomass,0.944442646,-16684225.38,0.999009967,0.944442646,hr-1,3.03E-10,0.012137798,TRUE,NULL
164,ALEsKOs01,OxicEvo04Evo02EPEcoliGlc_Broth-1,biomass,0.963115595,-17014096.24,0.999170751,0.963115595,hr-1,6.73E-09,0.012408407,TRUE,NULL
165,ALEsKOs01,OxicEvo04Evo02EPEcoliGlc_Broth-2,biomass,0.973944675,-17205399.28,0.999534648,0.973944675,hr-1,1.59E-09,0.009398124,TRUE,NULL
166,ALEsKOs01,OxicEvo04Evo02EPEcoliGlc_Broth-3,biomass,0.955883694,-16886339.71,0.999378338,0.955883694,hr-1,3.27E-09,0.010661843,TRUE,NULL
2067,ALEsKOs01,OxicEvo04gndEcoliGlc_Broth-4,biomass,0.840986255,-14855061.23,0.999877866,0.840986255,hr-1,5.60E-11,0.004156695,TRUE,NULL
2068,ALEsKOs01,OxicEvo04gndEcoliGlc_Broth-5,biomass,0.840729395,-14850524.05,0.999535448,0.840729395,hr-1,1.58E-09,0.008105677,TRUE,NULL
2069,ALEsKOs01,OxicEvo04gndEcoliGlc_Broth-6,biomass,0.824688766,-14567184.7,0.999836615,0.824688766,hr-1,1.16E-10,0.004714619,TRUE,NULL
141,ALEsKOs01,OxicEvo04gndEvo01EPEcoliGlc_Broth-1,biomass,0.861465727,-15217436.72,0.997678978,0.861465727,hr-1,3.91E-09,0.016963153,TRUE,NULL
142,ALEsKOs01,OxicEvo04gndEvo01EPEcoliGlc_Broth-2,biomass,0.843073696,-14892549.13,0.997725726,0.843073696,hr-1,3.68E-09,0.01643258,TRUE,NULL
143,ALEsKOs01,OxicEvo04gndEvo01EPEcoliGlc_Broth-3,biomass,0.824024646,-14556055.56,0.998289658,0.824024646,hr-1,1.56E-09,0.013924439,TRUE,NULL
144,ALEsKOs01,OxicEvo04gndEvo02EPEcoliGlc_Broth-1,biomass,0.856958562,-15137819.91,0.997565634,0.856958562,hr-1,9.94E-08,0.018932025,TRUE,NULL
145,ALEsKOs01,OxicEvo04gndEvo02EPEcoliGlc_Broth-2,biomass,0.829617309,-14654848.72,0.995995148,0.829617309,hr-1,1.18E-09,0.019883526,TRUE,NULL
146,ALEsKOs01,OxicEvo04gndEvo02EPEcoliGlc_Broth-3,biomass,0.843111092,-14893210.03,0.996632932,0.843111092,hr-1,2.24E-07,0.021915842,TRUE,NULL
152,ALEsKOs01,OxicEvo04gndEvo03EPEcoliGlc_Broth-1,biomass,0.939335293,-16593658.12,0.999761456,0.939335293,hr-1,4.24E-12,0.005923532,TRUE,NULL
147,ALEsKOs01,OxicEvo04gndEvo03EPEcoliGlc_Broth-2,biomass,0.844750138,-14922471.74,0.997376475,0.844750138,hr-1,1.20E-07,0.01937565,TRUE,NULL
148,ALEsKOs01,OxicEvo04gndEvo03EPEcoliGlc_Broth-3,biomass,0.847768161,-14975784.95,0.997613476,0.847768161,hr-1,9.46E-08,0.01854359,TRUE,NULL
153,ALEsKOs01,OxicEvo04gndEvo03EPEcoliGlc_Broth-4,biomass,0.931533111,-16455830.09,0.999810668,0.931533111,hr-1,2.12E-12,0.005233303,TRUE,NULL
154,ALEsKOs01,OxicEvo04gndEvo03EPEcoliGlc_Broth-5,biomass,0.936378867,-16541431.86,0.999003184,0.936378867,hr-1,3.10E-10,0.012075361,TRUE,NULL
75,ALEsKOs01,OxicEvo04pgiEcoliGlc_Broth-1,biomass,0.16943167,-2993065.055,0.988602807,0.16943167,hr-1,4.68E-10,0.00606403,TRUE,NULL
76,ALEsKOs01,OxicEvo04pgiEcoliGlc_Broth-2,biomass,0.18681373,-3300124.258,0.99805079,0.18681373,hr-1,5.70E-08,0.003692128,TRUE,NULL
77,ALEsKOs01,OxicEvo04pgiEcoliGlc_Broth-3,biomass,0.166212343,-2936194.729,0.996168166,0.166212343,hr-1,3.09E-07,0.004610152,TRUE,NULL
93,ALEsKOs01,OxicEvo04pgiEvo01EPEcoliGlc_Broth-1,biomass,0.68644103,-12129208.35,0.995887991,0.68644103,hr-1,3.69E-07,0.019726044,TRUE,NULL
94,ALEsKOs01,OxicEvo04pgiEvo01EPEcoliGlc_Broth-2,biomass,0.678878709,-11995584.42,0.999133518,0.678878709,hr-1,7.51E-09,0.008940775,TRUE,NULL
95,ALEsKOs01,OxicEvo04pgiEvo01EPEcoliGlc_Broth-3,biomass,0.67167472,-11868292.13,0.999509942,0.67167472,hr-1,1.81E-09,0.006651266,TRUE,NULL
87,ALEsKOs01,OxicEvo04pgiEvo01J01EcoliGlc_Broth-1,biomass,0.379405117,-6703006.042,0.983976823,0.379405117,hr-1,0.000864993,0.027952743,TRUE,NULL
88,ALEsKOs01,OxicEvo04pgiEvo01J01EcoliGlc_Broth-2,biomass,0.350973959,-6200709.174,0.974740599,0.350973959,hr-1,3.47E-05,0.025267187,TRUE,NULL
89,ALEsKOs01,OxicEvo04pgiEvo01J01EcoliGlc_Broth-3,biomass,0.368257882,-6506066.774,0.980843293,0.368257882,hr-1,1.74E-05,0.023015884,TRUE,NULL
90,ALEsKOs01,OxicEvo04pgiEvo01J02EcoliGlc_Broth-1,biomass,0.539659894,-9534251.069,0.993389693,0.539659894,hr-1,1.64E-05,0.022011069,TRUE,NULL
92,ALEsKOs01,OxicEvo04pgiEvo01J02EcoliGlc_Broth-3,biomass,0.525810121,-9289564.534,0.995908224,0.525810121,hr-1,0.000111222,0.019458734,TRUE,NULL
96,ALEsKOs01,OxicEvo04pgiEvo02EPEcoliGlc_Broth-1,biomass,0.628618438,-11107502.23,0.999505318,0.628618438,hr-1,7.84E-13,0.005285772,TRUE,NULL
97,ALEsKOs01,OxicEvo04pgiEvo02EPEcoliGlc_Broth-2,biomass,0.592147315,-10463068.28,0.999888294,0.592147315,hr-1,4.29E-15,0.002365606,TRUE,NULL
98,ALEsKOs01,OxicEvo04pgiEvo02EPEcoliGlc_Broth-3,biomass,0.606881999,-10723425.83,0.999644015,0.606881999,hr-1,2.48E-13,0.00432861,TRUE,NULL
2543,ALEsKOs01,OxicEvo04pgiEvo02J01EcoliGlc_Broth-1,biomass,0.481068435,-8498930.432,0.990852165,0.481068435,hr-1,2.73E-06,0.020671719,TRUE,NULL
2544,ALEsKOs01,OxicEvo04pgiEvo02J01EcoliGlc_Broth-2,biomass,0.481796332,-8511789.869,0.97461255,0.481796332,hr-1,0.000243771,0.038880069,TRUE,NULL
2545,ALEsKOs01,OxicEvo04pgiEvo02J01EcoliGlc_Broth-3,biomass,0.530872934,-9378815.076,0.988849522,0.530872934,hr-1,4.68E-05,0.028186569,TRUE,NULL
2564,ALEsKOs01,OxicEvo04pgiEvo02J02EcoliGlc_Broth-1,biomass,0.540847194,-9556213.767,0.997922593,0.540847194,hr-1,6.68E-08,0.011035753,TRUE,NULL
2565,ALEsKOs01,OxicEvo04pgiEvo02J02EcoliGlc_Broth-2,biomass,0.547014615,-9665185.707,0.99652914,0.547014615,hr-1,2.41E-07,0.01443735,TRUE,NULL
2566,ALEsKOs01,OxicEvo04pgiEvo02J02EcoliGlc_Broth-3,biomass,0.551541396,-9745169.247,0.996413759,0.551541396,hr-1,2.62E-07,0.014797657,TRUE,NULL
2585,ALEsKOs01,OxicEvo04pgiEvo02J03EcoliGlc_Broth-1,biomass,0.52484914,-9273928.566,0.980217508,0.52484914,hr-1,0.000147734,0.037280674,TRUE,NULL
2586,ALEsKOs01,OxicEvo04pgiEvo02J03EcoliGlc_Broth-2,biomass,0.520845751,-9203569.85,0.996595871,0.520845751,hr-1,4.35E-06,0.015220279,TRUE,NULL
2587,ALEsKOs01,OxicEvo04pgiEvo02J03EcoliGlc_Broth-3,biomass,0.515122912,-9102444.792,0.999254305,0.515122912,hr-1,2.09E-07,0.007035962,TRUE,NULL
99,ALEsKOs01,OxicEvo04pgiEvo03EPEcoliGlc_Broth-1,biomass,0.663344844,-11721590.44,0.997810404,0.663344844,hr-1,3.28E-09,0.012685913,TRUE,NULL
100,ALEsKOs01,OxicEvo04pgiEvo03EPEcoliGlc_Broth-2,biomass,0.644996118,-11397360.52,0.999098001,0.644996118,hr-1,8.30E-09,0.008667044,TRUE,NULL
101,ALEsKOs01,OxicEvo04pgiEvo03EPEcoliGlc_Broth-3,biomass,0.65358187,-11549074.43,0.998463912,0.65358187,hr-1,1.13E-09,0.010465652,TRUE,NULL
2546,ALEsKOs01,OxicEvo04pgiEvo03J01EcoliGlc_Broth-1,biomass,0.469258003,-8290278.187,0.982980001,0.469258003,hr-1,1.29E-05,0.027614304,TRUE,NULL
2547,ALEsKOs01,OxicEvo04pgiEvo03J01EcoliGlc_Broth-2,biomass,0.534629997,-9445190.416,0.990601568,0.534629997,hr-1,3.32E-05,0.026037635,TRUE,NULL
2548,ALEsKOs01,OxicEvo04pgiEvo03J01EcoliGlc_Broth-3,biomass,0.555764485,-9818568.616,0.993124727,0.555764485,hr-1,0.00024245,0.026697663,TRUE,NULL
2567,ALEsKOs01,OxicEvo04pgiEvo03J02EcoliGlc_Broth-1,biomass,0.453519811,-8013560.558,0.984263203,0.453519811,hr-1,1.23E-06,0.023411174,TRUE,NULL
2568,ALEsKOs01,OxicEvo04pgiEvo03J02EcoliGlc_Broth-2,biomass,0.496761736,-8777994.853,0.998784926,0.496761736,hr-1,5.54E-07,0.008663303,TRUE,NULL
2569,ALEsKOs01,OxicEvo04pgiEvo03J02EcoliGlc_Broth-3,biomass,0.533006551,-9418456.685,0.998207737,0.533006551,hr-1,0.000896533,0.01597011,TRUE,NULL
2588,ALEsKOs01,OxicEvo04pgiEvo03J03EcoliGlc_Broth-1,biomass,0.513976813,-9082004.532,0.995412943,0.513976813,hr-1,7.90E-06,0.017445321,TRUE,NULL
2589,ALEsKOs01,OxicEvo04pgiEvo03J03EcoliGlc_Broth-2,biomass,0.51298286,-9064441.272,0.997781389,0.51298286,hr-1,1.85E-06,0.012094718,TRUE,NULL
2590,ALEsKOs01,OxicEvo04pgiEvo03J03EcoliGlc_Broth-3,biomass,0.504382284,-8912468.473,0.986079483,0.504382284,hr-1,7.30E-05,0.029964121,TRUE,NULL
102,ALEsKOs01,OxicEvo04pgiEvo04EPEcoliGlc_Broth-1,biomass,0.721944472,-12757072.02,0.999080539,0.721944472,hr-1,2.43E-10,0.008941177,TRUE,NULL
103,ALEsKOs01,OxicEvo04pgiEvo04EPEcoliGlc_Broth-2,biomass,0.726229106,-12832783.36,0.999703617,0.726229106,hr-1,8.14E-12,0.005104923,TRUE,NULL
104,ALEsKOs01,OxicEvo04pgiEvo04EPEcoliGlc_Broth-3,biomass,0.704728117,-12452851.66,0.99896732,0.704728117,hr-1,3.44E-10,0.009250243,TRUE,NULL
2549,ALEsKOs01,OxicEvo04pgiEvo04J01EcoliGlc_Broth-1,biomass,0.482968366,-8533025.013,0.997964407,0.482968366,hr-1,6.35E-08,0.009754873,TRUE,NULL
2550,ALEsKOs01,OxicEvo04pgiEvo04J01EcoliGlc_Broth-2,biomass,0.501338524,-8857586.519,0.9814713,0.501338524,hr-1,1.60E-05,0.030805606,TRUE,NULL
2551,ALEsKOs01,OxicEvo04pgiEvo04J01EcoliGlc_Broth-3,biomass,0.543929913,-9610085.728,0.987053551,0.543929913,hr-1,6.51E-06,0.027858833,TRUE,NULL
2570,ALEsKOs01,OxicEvo04pgiEvo04J02EcoliGlc_Broth-1,biomass,0.471047857,-8323275.641,0.990953148,0.471047857,hr-1,0.0003662,0.025985232,TRUE,NULL
2571,ALEsKOs01,OxicEvo04pgiEvo04J02EcoliGlc_Broth-2,biomass,0.525734057,-9289948.061,0.999017975,0.525734057,hr-1,1.31E-05,0.009516564,TRUE,NULL
2572,ALEsKOs01,OxicEvo04pgiEvo04J02EcoliGlc_Broth-3,biomass,0.536129555,-9473640.906,0.999276308,0.536129555,hr-1,8.26E-06,0.008329967,TRUE,NULL
2591,ALEsKOs01,OxicEvo04pgiEvo04J03EcoliGlc_Broth-1,biomass,0.543607169,-9605575.061,0.99120475,0.543607169,hr-1,2.91E-05,0.025603397,TRUE,NULL
2592,ALEsKOs01,OxicEvo04pgiEvo04J03EcoliGlc_Broth-2,biomass,0.524823434,-9273665.214,0.994492966,0.524823434,hr-1,1.14E-05,0.019527257,TRUE,NULL
2593,ALEsKOs01,OxicEvo04pgiEvo04J03EcoliGlc_Broth-3,biomass,0.526589672,-9304874.815,0.998052563,0.526589672,hr-1,1.42E-06,0.011630471,TRUE,NULL
105,ALEsKOs01,OxicEvo04pgiEvo05EPEcoliGlc_Broth-1,biomass,0.647218015,-11436858.84,0.996570538,0.647218015,hr-1,2.34E-07,0.016979487,TRUE,NULL
106,ALEsKOs01,OxicEvo04pgiEvo05EPEcoliGlc_Broth-2,biomass,0.626932039,-11078389.5,0.996193111,0.626932039,hr-1,3.04E-07,0.017332004,TRUE,NULL
107,ALEsKOs01,OxicEvo04pgiEvo05EPEcoliGlc_Broth-3,biomass,0.638290936,-11279110.19,0.996679218,0.638290936,hr-1,2.16E-07,0.016476926,TRUE,NULL
2552,ALEsKOs01,OxicEvo04pgiEvo05J01EcoliGlc_Broth-1,biomass,0.509589299,-9003360.548,0.994771879,0.509589299,hr-1,4.47E-08,0.015081889,TRUE,NULL
2553,ALEsKOs01,OxicEvo04pgiEvo05J01EcoliGlc_Broth-2,biomass,0.524848475,-9272957.704,0.988773983,0.524848475,hr-1,4.44E-07,0.022830879,TRUE,NULL
2554,ALEsKOs01,OxicEvo04pgiEvo05J01EcoliGlc_Broth-3,biomass,0.539371814,-9529554.344,0.978900559,0.539371814,hr-1,2.21E-05,0.035413548,TRUE,NULL
2573,ALEsKOs01,OxicEvo04pgiEvo05J02EcoliGlc_Broth-1,biomass,0.552565452,-9763867.938,0.996476108,0.552565452,hr-1,8.89E-05,0.018971469,TRUE,NULL
2574,ALEsKOs01,OxicEvo04pgiEvo05J02EcoliGlc_Broth-2,biomass,0.539356634,-9530467.225,0.996207376,0.539356634,hr-1,9.92E-05,0.019213674,TRUE,NULL
2575,ALEsKOs01,OxicEvo04pgiEvo05J02EcoliGlc_Broth-3,biomass,0.513620237,-9075891.574,0.999887605,0.513620237,hr-1,5.06E-07,0.003143979,TRUE,NULL
2594,ALEsKOs01,OxicEvo04pgiEvo05J03EcoliGlc_Broth-1,biomass,0.535038871,-9454172.593,0.997263046,0.535038871,hr-1,2.81E-06,0.014014713,TRUE,NULL
2595,ALEsKOs01,OxicEvo04pgiEvo05J03EcoliGlc_Broth-2,biomass,0.546581585,-9658133.114,0.999573515,0.546581585,hr-1,6.82E-08,0.005645071,TRUE,NULL
2596,ALEsKOs01,OxicEvo04pgiEvo05J03EcoliGlc_Broth-3,biomass,0.541741716,-9572612.29,0.99926473,0.541741716,hr-1,2.03E-07,0.0073476,TRUE,NULL
108,ALEsKOs01,OxicEvo04pgiEvo06EPEcoliGlc_Broth-1,biomass,0.716255705,-12656811.27,0.999544791,0.716255705,hr-1,2.95E-11,0.006240176,TRUE,NULL
109,ALEsKOs01,OxicEvo04pgiEvo06EPEcoliGlc_Broth-2,biomass,0.711486538,-12572536.27,0.99956762,0.711486538,hr-1,2.53E-11,0.006041123,TRUE,NULL
110,ALEsKOs01,OxicEvo04pgiEvo06EPEcoliGlc_Broth-3,biomass,0.708316698,-12516522.69,0.999662521,0.708316698,hr-1,1.20E-11,0.00531311,TRUE,NULL
170,ALEsKOs01,OxicEvo04pgiEvo06EPEcoliGlc_Broth-4,biomass,0.680678578,-12021670.12,0.997411518,0.680678578,hr-1,5.43E-09,0.014156367,TRUE,NULL
171,ALEsKOs01,OxicEvo04pgiEvo06EPEcoliGlc_Broth-5,biomass,0.673904518,-11902031.37,0.997394833,0.673904518,hr-1,5.53E-09,0.014060701,TRUE,NULL
172,ALEsKOs01,OxicEvo04pgiEvo06EPEcoliGlc_Broth-6,biomass,0.672458222,-11876487.89,0.994950929,0.672458222,hr-1,4.03E-08,0.019556656,TRUE,NULL
2555,ALEsKOs01,OxicEvo04pgiEvo06J01EcoliGlc_Broth-1,biomass,0.498106269,-8801025.956,0.991069141,0.498106269,hr-1,1.97E-08,0.017871772,TRUE,NULL
2556,ALEsKOs01,OxicEvo04pgiEvo06J01EcoliGlc_Broth-2,biomass,0.488804376,-8636671.049,0.992547694,0.488804376,hr-1,1.04E-08,0.016008687,TRUE,NULL
2557,ALEsKOs01,OxicEvo04pgiEvo06J01EcoliGlc_Broth-3,biomass,0.492934311,-8709642.737,0.993987063,0.492934311,hr-1,4.92E-09,0.014490821,TRUE,NULL
2576,ALEsKOs01,OxicEvo04pgiEvo06J02EcoliGlc_Broth-1,biomass,0.506009746,-8941965.56,0.998304474,0.506009746,hr-1,4.02E-08,0.009325983,TRUE,NULL
2577,ALEsKOs01,OxicEvo04pgiEvo06J02EcoliGlc_Broth-2,biomass,0.52652409,-9304485.297,0.997886714,0.52652409,hr-1,6.98E-08,0.01083607,TRUE,NULL
2578,ALEsKOs01,OxicEvo04pgiEvo06J02EcoliGlc_Broth-3,biomass,0.53628945,-9477054.11,0.99689106,0.53628945,hr-1,1.83E-07,0.013393577,TRUE,NULL
2597,ALEsKOs01,OxicEvo04pgiEvo06J03EcoliGlc_Broth-1,biomass,0.491209702,-8680427.022,0.998334368,0.491209702,hr-1,1.04E-06,0.01003202,TRUE,NULL
2598,ALEsKOs01,OxicEvo04pgiEvo06J03EcoliGlc_Broth-2,biomass,0.513750415,-9078755.76,0.999120424,0.513750415,hr-1,2.90E-07,0.007621665,TRUE,NULL
2599,ALEsKOs01,OxicEvo04pgiEvo06J03EcoliGlc_Broth-3,biomass,0.500818922,-8850236.592,0.999275863,0.500818922,hr-1,1.97E-07,0.006740907,TRUE,NULL
111,ALEsKOs01,OxicEvo04pgiEvo07EPEcoliGlc_Broth-1,biomass,0.669830302,-11829585.46,0.997938796,0.669830302,hr-1,2.74E-09,0.012427898,TRUE,NULL
112,ALEsKOs01,OxicEvo04pgiEvo07EPEcoliGlc_Broth-2,biomass,0.669040032,-11815628.81,0.998351463,0.669040032,hr-1,1.40E-09,0.011099006,TRUE,NULL
113,ALEsKOs01,OxicEvo04pgiEvo07EPEcoliGlc_Broth-3,biomass,0.659240979,-11642571.93,0.997636654,0.659240979,hr-1,4.13E-09,0.013099238,TRUE,NULL
173,ALEsKOs01,OxicEvo04pgiEvo07EPEcoliGlc_Broth-4,biomass,0.672717122,-11881060.2,0.997805223,0.672717122,hr-1,3.31E-09,0.012880394,TRUE,NULL
174,ALEsKOs01,OxicEvo04pgiEvo07EPEcoliGlc_Broth-5,biomass,0.66025876,-11661029.33,0.997612759,0.66025876,hr-1,4.26E-09,0.013185776,TRUE,NULL
175,ALEsKOs01,OxicEvo04pgiEvo07EPEcoliGlc_Broth-6,biomass,0.674839834,-11918550.05,0.996384168,0.674839834,hr-1,1.48E-08,0.016596473,TRUE,NULL
2558,ALEsKOs01,OxicEvo04pgiEvo07J01EcoliGlc_Broth-1,biomass,0.547256593,-9669460.637,0.999335367,0.547256593,hr-1,1.66E-07,0.007056611,TRUE,NULL
2559,ALEsKOs01,OxicEvo04pgiEvo07J01EcoliGlc_Broth-2,biomass,0.542602146,-9587221.357,0.999079445,0.542602146,hr-1,3.18E-07,0.008235243,TRUE,NULL
2560,ALEsKOs01,OxicEvo04pgiEvo07J01EcoliGlc_Broth-3,biomass,0.55339542,-9777927.311,0.991878882,0.55339542,hr-1,2.48E-05,0.025037108,TRUE,NULL
2579,ALEsKOs01,OxicEvo04pgiEvo07J02EcoliGlc_Broth-1,biomass,0.573741099,-10138881.6,0.998233732,0.573741099,hr-1,1.17E-06,0.012066969,TRUE,NULL
2580,ALEsKOs01,OxicEvo04pgiEvo07J02EcoliGlc_Broth-2,biomass,0.569337434,-10061062.12,0.999214979,0.569337434,hr-1,2.31E-07,0.007979043,TRUE,NULL
2581,ALEsKOs01,OxicEvo04pgiEvo07J02EcoliGlc_Broth-3,biomass,0.569239306,-10059328.01,0.99690971,0.569239306,hr-1,3.58E-06,0.015846618,TRUE,NULL
2600,ALEsKOs01,OxicEvo04pgiEvo07J03EcoliGlc_Broth-1,biomass,0.575611639,-10171936.69,0.999717101,0.575611639,hr-1,2.02E-06,0.005590444,TRUE,NULL
2601,ALEsKOs01,OxicEvo04pgiEvo07J03EcoliGlc_Broth-2,biomass,0.574157512,-10146240.02,0.998981824,0.574157512,hr-1,1.38E-05,0.010582858,TRUE,NULL
2602,ALEsKOs01,OxicEvo04pgiEvo07J03EcoliGlc_Broth-3,biomass,0.558561751,-9870639.142,0.998869371,0.558561751,hr-1,1.61E-05,0.010849666,TRUE,NULL
114,ALEsKOs01,OxicEvo04pgiEvo08EPEcoliGlc_Broth-1,biomass,0.69974261,-12357855.5,0.999443262,0.69974261,hr-1,5.39E-11,0.006742318,TRUE,NULL
115,ALEsKOs01,OxicEvo04pgiEvo08EPEcoliGlc_Broth-2,biomass,0.69609735,-12293478.08,0.999817928,0.69609735,hr-1,1.89E-12,0.003834914,TRUE,NULL
116,ALEsKOs01,OxicEvo04pgiEvo08EPEcoliGlc_Broth-3,biomass,0.694782717,-12270260.86,0.999465709,0.694782717,hr-1,4.77E-11,0.006558105,TRUE,NULL
176,ALEsKOs01,OxicEvo04pgiEvo08EPEcoliGlc_Broth-4,biomass,0.707539136,-12496062.58,0.997480255,0.707539136,hr-1,2.38E-06,0.017780609,TRUE,NULL
177,ALEsKOs01,OxicEvo04pgiEvo08EPEcoliGlc_Broth-5,biomass,0.701573776,-12390706.51,0.996418231,0.701573776,hr-1,4.82E-06,0.021031552,TRUE,NULL
178,ALEsKOs01,OxicEvo04pgiEvo08EPEcoliGlc_Broth-6,biomass,0.661386294,-11680943.39,0.993479222,0.661386294,hr-1,1.60E-05,0.026791407,TRUE,NULL
2561,ALEsKOs01,OxicEvo04pgiEvo08J01EcoliGlc_Broth-1,biomass,0.474012684,-8375317.238,0.992823123,0.474012684,hr-1,7.28E-10,0.01424875,TRUE,NULL
2562,ALEsKOs01,OxicEvo04pgiEvo08J01EcoliGlc_Broth-2,biomass,0.481826063,-8513371.508,0.983994816,0.481826063,hr-1,1.81E-08,0.021725972,TRUE,NULL
2563,ALEsKOs01,OxicEvo04pgiEvo08J01EcoliGlc_Broth-3,biomass,0.481611421,-8509579.014,0.986737767,0.481611421,hr-1,8.50E-09,0.019740549,TRUE,NULL
2582,ALEsKOs01,OxicEvo04pgiEvo08J02EcoliGlc_Broth-1,biomass,0.491980503,-8694407.059,0.995806488,0.491980503,hr-1,0.000115399,0.01843269,TRUE,NULL
2583,ALEsKOs01,OxicEvo04pgiEvo08J02EcoliGlc_Broth-2,biomass,0.498704539,-8813235.926,0.991514183,0.498704539,hr-1,0.000332613,0.026636678,TRUE,NULL
2584,ALEsKOs01,OxicEvo04pgiEvo08J02EcoliGlc_Broth-3,biomass,0.485277706,-8575953.491,0.991708938,0.485277706,hr-1,0.000321209,0.025617849,TRUE,NULL
2603,ALEsKOs01,OxicEvo04pgiEvo08J03EcoliGlc_Broth-1,biomass,0.521814736,-9221645.085,0.998929448,0.521814736,hr-1,1.49E-05,0.009862616,TRUE,NULL
2604,ALEsKOs01,OxicEvo04pgiEvo08J03EcoliGlc_Broth-2,biomass,0.534233612,-9441114.584,0.997572164,0.534233612,hr-1,5.08E-05,0.015216267,TRUE,NULL
2605,ALEsKOs01,OxicEvo04pgiEvo08J03EcoliGlc_Broth-3,biomass,0.516207483,-9122552.221,0.998770798,0.516207483,hr-1,1.83E-05,0.010455441,TRUE,NULL
78,ALEsKOs01,OxicEvo04ptsHIcrrEcoliGlc_Broth-1,biomass,0.183147171,-3235487.638,0.914148921,0.183147171,hr-1,4.27E-06,0.018708689,TRUE,NULL
79,ALEsKOs01,OxicEvo04ptsHIcrrEcoliGlc_Broth-2,biomass,0.196312164,-3468060.95,0.937267827,0.196312164,hr-1,1.03E-06,0.01692931,TRUE,NULL
80,ALEsKOs01,OxicEvo04ptsHIcrrEcoliGlc_Broth-3,biomass,0.200345433,-3539312.782,0.921607784,0.200345433,hr-1,1.07E-05,0.020658456,TRUE,NULL
122,ALEsKOs01,OxicEvo04ptsHIcrrEvo01EPEcoliGlc_Broth-1,biomass,0.531098347,-9380276.562,0.998048404,0.531098347,hr-1,2.32E-09,0.00958779,TRUE,NULL
117,ALEsKOs01,OxicEvo04ptsHIcrrEvo01EPEcoliGlc_Broth-2,biomass,0.595207552,-10512359.43,0.998711229,0.595207552,hr-1,6.69E-10,0.008728925,TRUE,NULL
118,ALEsKOs01,OxicEvo04ptsHIcrrEvo01EPEcoliGlc_Broth-3,biomass,0.568053896,-10032780.64,0.998803556,0.568053896,hr-1,5.35E-10,0.008026387,TRUE,NULL
179,ALEsKOs01,OxicEvo04ptsHIcrrEvo01EPEcoliGlc_Broth-4,biomass,0.543765718,-9603810.182,0.998817709,0.543765718,hr-1,5.17E-10,0.00763757,TRUE,NULL
180,ALEsKOs01,OxicEvo04ptsHIcrrEvo01EPEcoliGlc_Broth-5,biomass,0.534026598,-9431801.002,0.997305051,0.534026598,hr-1,6.12E-09,0.011333095,TRUE,NULL
181,ALEsKOs01,OxicEvo04ptsHIcrrEvo01EPEcoliGlc_Broth-6,biomass,0.546091314,-9644883.939,0.997023232,0.546091314,hr-1,8.25E-09,0.012181745,TRUE,NULL
2606,ALEsKOs01,OxicEvo04ptsHIcrrEvo01J01EcoliGlc_Broth-1,biomass,0.519090437,-9173501.356,0.998643646,0.519090437,hr-1,6.90E-07,0.009565205,TRUE,NULL
2607,ALEsKOs01,OxicEvo04ptsHIcrrEvo01J01EcoliGlc_Broth-2,biomass,0.521639922,-9218556.482,0.998614923,0.521639922,hr-1,7.20E-07,0.009713569,TRUE,NULL
2608,ALEsKOs01,OxicEvo04ptsHIcrrEvo01J01EcoliGlc_Broth-3,biomass,0.508191386,-8980890.514,0.999116525,0.508191386,hr-1,2.93E-07,0.007555905,TRUE,NULL
2618,ALEsKOs01,OxicEvo04ptsHIcrrEvo01J03EcoliGlc_Broth-1,biomass,0.692348103,-12235357.52,0.999254822,0.692348103,hr-1,0.000372659,0.01336908,TRUE,NULL
2619,ALEsKOs01,OxicEvo04ptsHIcrrEvo01J03EcoliGlc_Broth-2,biomass,0.701408475,-12395474.76,0.999727599,0.701408475,hr-1,0.00013621,0.008186907,TRUE,NULL
2620,ALEsKOs01,OxicEvo04ptsHIcrrEvo01J03EcoliGlc_Broth-3,biomass,0.689649379,-12187665.18,0.999998496,0.689649379,hr-1,7.52E-07,0.000598003,TRUE,NULL
119,ALEsKOs01,OxicEvo04ptsHIcrrEvo02EPEcoliGlc_Broth-1,biomass,0.750609564,-13257015.75,0.995855368,0.750609564,hr-1,2.23E-08,0.019768936,TRUE,NULL
120,ALEsKOs01,OxicEvo04ptsHIcrrEvo02EPEcoliGlc_Broth-2,biomass,0.774635223,-13681348.86,0.997197223,0.774635223,hr-1,6.89E-09,0.016765841,TRUE,NULL
121,ALEsKOs01,OxicEvo04ptsHIcrrEvo02EPEcoliGlc_Broth-3,biomass,0.741748365,-13100512.21,0.994705006,0.741748365,hr-1,4.65E-08,0.022093603,TRUE,NULL
182,ALEsKOs01,OxicEvo04ptsHIcrrEvo02EPEcoliGlc_Broth-4,biomass,0.809556335,-14298114.62,0.996264304,0.809556335,hr-1,1.63E-08,0.020238109,TRUE,NULL
183,ALEsKOs01,OxicEvo04ptsHIcrrEvo02EPEcoliGlc_Broth-5,biomass,0.807014697,-14253225.03,0.996849095,0.807014697,hr-1,5.12E-10,0.017148865,TRUE,NULL
184,ALEsKOs01,OxicEvo04ptsHIcrrEvo02EPEcoliGlc_Broth-6,biomass,0.793745024,-14018860.52,0.997576368,0.793745024,hr-1,2.04E-10,0.014787415,TRUE,NULL
2609,ALEsKOs01,OxicEvo04ptsHIcrrEvo02J01EcoliGlc_Broth-1,biomass,0.539670719,-9537397.259,0.992816286,0.539670719,hr-1,0.000258971,0.026503809,TRUE,NULL
2610,ALEsKOs01,OxicEvo04ptsHIcrrEvo02J01EcoliGlc_Broth-2,biomass,0.557491433,-9852335.894,0.993767469,0.557491433,hr-1,0.000209218,0.025489857,TRUE,NULL
2611,ALEsKOs01,OxicEvo04ptsHIcrrEvo02J01EcoliGlc_Broth-3,biomass,0.550845221,-9734879.888,0.997252881,0.550845221,hr-1,6.12E-05,0.016691872,TRUE,NULL
2621,ALEsKOs01,OxicEvo04ptsHIcrrEvo02J03EcoliGlc_Broth-1,biomass,0.614232792,-10855105.13,0.99999601,0.614232792,hr-1,1.99E-06,0.00086754,TRUE,NULL
2622,ALEsKOs01,OxicEvo04ptsHIcrrEvo02J03EcoliGlc_Broth-2,biomass,0.639621562,-11303791.23,0.99931757,0.639621562,hr-1,0.000341273,0.011819126,TRUE,NULL
2623,ALEsKOs01,OxicEvo04ptsHIcrrEvo02J03EcoliGlc_Broth-3,biomass,0.611810846,-10812302.88,0.999764434,0.611810846,hr-1,0.00011779,0.006640642,TRUE,NULL
123,ALEsKOs01,OxicEvo04ptsHIcrrEvo03EPEcoliGlc_Broth-1,biomass,0.629574121,-11119558.66,0.995824786,0.629574121,hr-1,2.28E-08,0.016642522,TRUE,NULL
124,ALEsKOs01,OxicEvo04ptsHIcrrEvo03EPEcoliGlc_Broth-2,biomass,0.628449153,-11099689.37,0.995832276,0.628449153,hr-1,2.27E-08,0.016597814,TRUE,NULL
125,ALEsKOs01,OxicEvo04ptsHIcrrEvo03EPEcoliGlc_Broth-3,biomass,0.632050299,-11163292.92,0.995984665,0.632050299,hr-1,2.03E-08,0.016383647,TRUE,NULL
185,ALEsKOs01,OxicEvo04ptsHIcrrEvo03EPEcoliGlc_Broth-4,biomass,0.573246173,-10124483.9,0.976162226,0.573246173,hr-1,4.27E-06,0.036571047,TRUE,NULL
186,ALEsKOs01,OxicEvo04ptsHIcrrEvo03EPEcoliGlc_Broth-5,biomass,0.537395871,-9491307.754,0.952944018,0.537395871,hr-1,0.000165904,0.053405139,TRUE,NULL
187,ALEsKOs01,OxicEvo04ptsHIcrrEvo03EPEcoliGlc_Broth-6,biomass,0.563088303,-9945078.973,0.969020744,0.563088303,hr-1,5.80E-05,0.045025698,TRUE,NULL
2612,ALEsKOs01,OxicEvo04ptsHIcrrEvo03J01EcoliGlc_Broth-1,biomass,0.545372425,-9638161.364,0.996918654,0.545372425,hr-1,7.27E-05,0.017505437,TRUE,NULL
2613,ALEsKOs01,OxicEvo04ptsHIcrrEvo03J01EcoliGlc_Broth-2,biomass,0.542756823,-9591936.771,0.998600904,0.542756823,hr-1,2.22E-05,0.011729309,TRUE,NULL
2614,ALEsKOs01,OxicEvo04ptsHIcrrEvo03J01EcoliGlc_Broth-3,biomass,0.533287972,-9424597.351,0.998166585,0.533287972,hr-1,3.33E-05,0.013195629,TRUE,NULL
2624,ALEsKOs01,OxicEvo04ptsHIcrrEvo03J03EcoliGlc_Broth-1,biomass,0.650562152,-11497139.75,0.994191005,0.650562152,hr-1,0.000188234,0.028710698,TRUE,NULL
2625,ALEsKOs01,OxicEvo04ptsHIcrrEvo03J03EcoliGlc_Broth-2,biomass,0.648408095,-11459071.88,0.995921247,0.648408095,hr-1,0.000110691,0.023957363,TRUE,NULL
2626,ALEsKOs01,OxicEvo04ptsHIcrrEvo03J03EcoliGlc_Broth-3,biomass,0.637301584,-11262790.73,0.996451731,0.637301584,hr-1,8.98E-05,0.02195657,TRUE,NULL
2630,ALEsKOs01,OxicEvo04ptsHIcrrEvo03J04EcoliGlc_Broth-1,biomass,0.627117198,-11077080,0.988143041,0.627117198,hr-1,5.29E-05,0.034347526,TRUE,NULL
2631,ALEsKOs01,OxicEvo04ptsHIcrrEvo03J04EcoliGlc_Broth-2,biomass,0.636264058,-11238645.43,0.994058934,0.636264058,hr-1,1.33E-05,0.024594246,TRUE,NULL
2632,ALEsKOs01,OxicEvo04ptsHIcrrEvo03J04EcoliGlc_Broth-3,biomass,0.632653174,-11174864.62,0.991927843,0.632653174,hr-1,2.45E-05,0.028535826,TRUE,NULL
126,ALEsKOs01,OxicEvo04ptsHIcrrEvo04EPEcoliGlc_Broth-1,biomass,0.895100601,-15809296.49,0.999312196,0.895100601,hr-1,4.21E-09,0.010501915,TRUE,NULL
127,ALEsKOs01,OxicEvo04ptsHIcrrEvo04EPEcoliGlc_Broth-2,biomass,0.809993924,-14306139.64,0.991164,0.809993924,hr-1,2.16E-07,0.031222036,TRUE,NULL
128,ALEsKOs01,OxicEvo04ptsHIcrrEvo04EPEcoliGlc_Broth-3,biomass,0.86186658,-15222316.63,0.998950379,0.86186658,hr-1,1.21E-08,0.012493939,TRUE,NULL
188,ALEsKOs01,OxicEvo04ptsHIcrrEvo04EPEcoliGlc_Broth-4,biomass,0.863377854,-15248692.72,0.999345182,0.863377854,hr-1,3.73E-09,0.009883672,TRUE,NULL
189,ALEsKOs01,OxicEvo04ptsHIcrrEvo04EPEcoliGlc_Broth-5,biomass,0.823132915,-14537901,0.999077783,0.823132915,hr-1,0.019335855,0.025008451,TRUE,Long lag phase observed during growth (potential contaminate in culture tube)
190,ALEsKOs01,OxicEvo04ptsHIcrrEvo04EPEcoliGlc_Broth-6,biomass,0.836233039,-14769270.11,0.99839485,0.836233039,hr-1,3.51E-08,0.014995084,TRUE,NULL
2615,ALEsKOs01,OxicEvo04ptsHIcrrEvo04J01EcoliGlc_Broth-1,biomass,0.522756002,-9233696.509,0.994897434,0.522756002,hr-1,0.000154931,0.02161442,TRUE,NULL
2616,ALEsKOs01,OxicEvo04ptsHIcrrEvo04J01EcoliGlc_Broth-2,biomass,0.534993523,-9449853.763,0.996487954,0.534993523,hr-1,8.84E-05,0.018337156,TRUE,NULL
2617,ALEsKOs01,OxicEvo04ptsHIcrrEvo04J01EcoliGlc_Broth-3,biomass,0.526059965,-9292055.971,0.993106685,0.526059965,hr-1,0.000243406,0.025304091,TRUE,NULL
2627,ALEsKOs01,OxicEvo04ptsHIcrrEvo04J03EcoliGlc_Broth-1,biomass,0.537523487,-9494542.246,0.997410433,0.537523487,hr-1,2.52E-06,0.013694433,TRUE,NULL
2628,ALEsKOs01,OxicEvo04ptsHIcrrEvo04J03EcoliGlc_Broth-2,biomass,0.535048469,-9450824.742,0.99857924,0.535048469,hr-1,7.57E-07,0.010090955,TRUE,NULL
2629,ALEsKOs01,OxicEvo04ptsHIcrrEvo04J03EcoliGlc_Broth-3,biomass,0.525999668,-9290991.338,0.997609253,0.525999668,hr-1,2.15E-06,0.012874845,TRUE,NULL
2633,ALEsKOs01,OxicEvo04ptsHIcrrEvo04J04EcoliGlc_Broth-1,biomass,0.712227185,-12580418.39,0.916893591,0.712227185,hr-1,0.042454392,0.151621692,TRUE,NULL
2634,ALEsKOs01,OxicEvo04ptsHIcrrEvo04J04EcoliGlc_Broth-2,biomass,0.698741663,-12342216.96,0.934143158,0.698741663,hr-1,0.033489184,0.131188382,TRUE,NULL
2635,ALEsKOs01,OxicEvo04ptsHIcrrEvo04J04EcoliGlc_Broth-3,biomass,0.698176684,-12332237.48,0.947833637,0.698176684,hr-1,0.02643252,0.115818934,TRUE,NULL
2148,ALEsKOs01,OxicEvo04sdhCBEcoliGlc_Broth-1,biomass,0.876550859,-15484550.09,0.935759739,0.876550859,hr-1,0.001581944,0.114833498,TRUE,NULL
2149,ALEsKOs01,OxicEvo04sdhCBEcoliGlc_Broth-2,biomass,0.839208897,-14824892.49,0.997272496,0.839208897,hr-1,6.05E-05,0.025338754,TRUE,NULL
2150,ALEsKOs01,OxicEvo04sdhCBEcoliGlc_Broth-3,biomass,0.866699114,-15310515.93,0.975267903,0.866699114,hr-1,0.000231296,0.069009179,TRUE,NULL
149,ALEsKOs01,OxicEvo04sdhCBEvo01EPEcoliGlc_Broth-1,biomass,0.878879103,-15525358.44,0.996598367,0.878879103,hr-1,1.23E-08,0.020962215,TRUE,NULL
150,ALEsKOs01,OxicEvo04sdhCBEvo01EPEcoliGlc_Broth-2,biomass,0.880482025,-15553674,0.996001209,0.880482025,hr-1,2.00E-08,0.022776097,TRUE,NULL
151,ALEsKOs01,OxicEvo04sdhCBEvo01EPEcoliGlc_Broth-3,biomass,0.873045726,-15422312.11,0.996109595,0.873045726,hr-1,1.84E-08,0.022274359,TRUE,NULL
155,ALEsKOs01,OxicEvo04sdhCBEvo02EPEcoliGlc_Broth-1,biomass,0.907578622,-16032665.15,0.998882854,0.907578622,hr-1,4.36E-10,0.012390999,TRUE,NULL
156,ALEsKOs01,OxicEvo04sdhCBEvo02EPEcoliGlc_Broth-2,biomass,0.915482433,-16172288.46,0.999014308,0.915482433,hr-1,2.99E-10,0.01173976,TRUE,NULL
157,ALEsKOs01,OxicEvo04sdhCBEvo02EPEcoliGlc_Broth-3,biomass,0.90870726,-16052602.9,0.99838647,0.90870726,hr-1,1.31E-09,0.014913772,TRUE,NULL
158,ALEsKOs01,OxicEvo04sdhCBEvo03EPEcoliGlc_Broth-1,biomass,0.939410984,-16594994.35,0.998515882,0.939410984,hr-1,2.88E-08,0.016196728,TRUE,NULL
159,ALEsKOs01,OxicEvo04sdhCBEvo03EPEcoliGlc_Broth-2,biomass,0.936512997,-16543800.48,0.998415193,0.936512997,hr-1,3.40E-08,0.016686353,TRUE,NULL
160,ALEsKOs01,OxicEvo04sdhCBEvo03EPEcoliGlc_Broth-3,biomass,0.905282028,-15992095.57,0.998960421,0.905282028,hr-1,1.18E-08,0.013060312,TRUE,NULL
84,ALEsKOs01,OxicEvo04tpiAEcoliGlc_Broth-1,biomass,0.18493529,-3267277.755,0.993138369,0.18493529,hr-1,0.052794868,0.015371937,TRUE,NULL
85,ALEsKOs01,OxicEvo04tpiAEcoliGlc_Broth-2,biomass,0.185607462,-3279153.075,0.999152553,0.185607462,hr-1,0.018535221,0.005405499,TRUE,NULL
86,ALEsKOs01,OxicEvo04tpiAEcoliGlc_Broth-3,biomass,0.18323439,-3237227.645,0.945516723,0.18323439,hr-1,0.001134019,0.021992469,TRUE,NULL
129,ALEsKOs01,OxicEvo04tpiAEvo01EPEcoliGlc_Broth-1,biomass,0.483125671,-8533334.548,0.998009762,0.483125671,hr-1,1.02E-10,0.008154479,TRUE,NULL
130,ALEsKOs01,OxicEvo04tpiAEvo01EPEcoliGlc_Broth-2,biomass,0.489804282,-8651297.244,0.997884801,0.489804282,hr-1,1.27E-10,0.008523323,TRUE,NULL
131,ALEsKOs01,OxicEvo04tpiAEvo01EPEcoliGlc_Broth-3,biomass,0.47484172,-8387017.121,0.997987832,0.47484172,hr-1,1.06E-10,0.008058781,TRUE,NULL
2636,ALEsKOs01,OxicEvo04tpiAEvo01J01EcoliGlc_Broth-1,biomass,0.275549365,-4867364.532,0.984017124,0.275549365,hr-1,0.000861721,0.02027519,TRUE,NULL
2637,ALEsKOs01,OxicEvo04tpiAEvo01J01EcoliGlc_Broth-2,biomass,0.292120852,-5160085.863,0.905041627,0.292120852,hr-1,0.048663242,0.066908288,TRUE,NULL
2638,ALEsKOs01,OxicEvo04tpiAEvo01J01EcoliGlc_Broth-3,biomass,0.325186216,-5744159.668,0.976940004,0.325186216,hr-1,0.011597246,0.035327491,TRUE,NULL
2648,ALEsKOs01,OxicEvo04tpiAEvo01J03EcoliGlc_Broth-1,biomass,0.458402174,-8097152.509,0.999314849,0.458402174,hr-1,1.01E-10,0.004900192,TRUE,NULL
2649,ALEsKOs01,OxicEvo04tpiAEvo01J03EcoliGlc_Broth-2,biomass,0.435451757,-7691759.665,0.998716392,0.435451757,hr-1,6.61E-10,0.00637323,TRUE,NULL
2650,ALEsKOs01,OxicEvo04tpiAEvo01J03EcoliGlc_Broth-3,biomass,0.42721484,-7546263.914,0.998493807,0.42721484,hr-1,1.07E-09,0.006773894,TRUE,NULL
132,ALEsKOs01,OxicEvo04tpiAEvo02EPEcoliGlc_Broth-1,biomass,0.486914955,-8600263.865,0.99810836,0.486914955,hr-1,8.57E-11,0.008011882,TRUE,NULL
133,ALEsKOs01,OxicEvo04tpiAEvo02EPEcoliGlc_Broth-2,biomass,0.486189182,-8587444.759,0.997023004,0.486189182,hr-1,4.19E-10,0.010041367,TRUE,NULL
134,ALEsKOs01,OxicEvo04tpiAEvo02EPEcoliGlc_Broth-3,biomass,0.48531327,-8571973.674,0.998366132,0.48531327,hr-1,5.13E-11,0.007420561,TRUE,NULL
2639,ALEsKOs01,OxicEvo04tpiAEvo02J01EcoliGlc_Broth-1,biomass,0.304428593,-5377492.603,0.969571813,0.304428593,hr-1,0.015331623,0.038134538,TRUE,NULL
2640,ALEsKOs01,OxicEvo04tpiAEvo02J01EcoliGlc_Broth-2,biomass,0.331285651,-5851901.51,0.993988655,0.331285651,hr-1,0.003010203,0.018217246,TRUE,NULL
2641,ALEsKOs01,OxicEvo04tpiAEvo02J01EcoliGlc_Broth-3,biomass,0.303766879,-5365803.894,0.976696603,0.303766879,hr-1,0.011720382,0.033178381,TRUE,NULL
2651,ALEsKOs01,OxicEvo04tpiAEvo02J03EcoliGlc_Broth-1,biomass,0.443116578,-7827149.509,0.998812254,0.443116578,hr-1,1.65E-08,0.006833653,TRUE,NULL
2652,ALEsKOs01,OxicEvo04tpiAEvo02J03EcoliGlc_Broth-2,biomass,0.437434006,-7726773.344,0.997852031,0.437434006,hr-1,7.27E-08,0.009076292,TRUE,NULL
2653,ALEsKOs01,OxicEvo04tpiAEvo02J03EcoliGlc_Broth-3,biomass,0.436029608,-7701966.259,0.999077768,0.436029608,hr-1,8.77E-09,0.005924497,TRUE,NULL
135,ALEsKOs01,OxicEvo04tpiAEvo03EPEcoliGlc_Broth-1,biomass,0.483209304,-8535517.529,0.998172477,0.483209304,hr-1,1.91E-09,0.008440891,TRUE,NULL
136,ALEsKOs01,OxicEvo04tpiAEvo03EPEcoliGlc_Broth-2,biomass,0.495947222,-8760522.929,0.997594533,0.495947222,hr-1,4.35E-09,0.0099422,TRUE,NULL
137,ALEsKOs01,OxicEvo04tpiAEvo03EPEcoliGlc_Broth-3,biomass,0.452201942,-7987796.729,0.996949869,0.452201942,hr-1,8.88E-09,0.010211261,TRUE,NULL
2669,ALEsKOs01,OxicEvo04tpiAEvo03J01EcoliGlc_Broth-1,biomass,0.330178891,-5832593.429,0.934554215,0.330178891,hr-1,0.033276557,0.061783555,TRUE,NULL
2670,ALEsKOs01,OxicEvo04tpiAEvo03J01EcoliGlc_Broth-2,biomass,0.268925629,-4750557.682,0.939742894,0.268925629,hr-1,0.03059663,0.048152275,TRUE,NULL
2671,ALEsKOs01,OxicEvo04tpiAEvo03J01EcoliGlc_Broth-3,biomass,0.3116344,-5505005.916,0.977658527,0.3116344,hr-1,0.011233836,0.033311386,TRUE,NULL
2654,ALEsKOs01,OxicEvo04tpiAEvo03J03EcoliGlc_Broth-1,biomass,0.461203481,-8146971.858,0.999420668,0.461203481,hr-1,1.26E-07,0.005552037,TRUE,NULL
2655,ALEsKOs01,OxicEvo04tpiAEvo03J03EcoliGlc_Broth-2,biomass,0.463226433,-8182706.423,0.999807896,0.463226433,hr-1,1.38E-08,0.003210504,TRUE,NULL
2656,ALEsKOs01,OxicEvo04tpiAEvo03J03EcoliGlc_Broth-3,biomass,0.463835741,-8193469.65,0.999508323,0.463835741,hr-1,9.07E-08,0.005143765,TRUE,NULL
138,ALEsKOs01,OxicEvo04tpiAEvo04EPEcoliGlc_Broth-1,biomass,0.5018403,-8864619.595,0.99887878,0.5018403,hr-1,4.41E-10,0.006864026,TRUE,NULL
139,ALEsKOs01,OxicEvo04tpiAEvo04EPEcoliGlc_Broth-2,biomass,0.507607322,-8966489.571,0.996713605,0.507607322,hr-1,1.11E-08,0.011899451,TRUE,NULL
140,ALEsKOs01,OxicEvo04tpiAEvo04EPEcoliGlc_Broth-3,biomass,0.511746609,-9039606.834,0.997756573,0.511746609,hr-1,3.53E-09,0.009906563,TRUE,NULL
2672,ALEsKOs01,OxicEvo04tpiAEvo04J01EcoliGlc_Broth-1,biomass,0.273662913,-4834241.573,0.991588351,0.273662913,hr-1,0.004214706,0.017822795,TRUE,NULL
2673,ALEsKOs01,OxicEvo04tpiAEvo04J01EcoliGlc_Broth-2,biomass,0.376005202,-6642112.873,0.940687941,0.376005202,hr-1,0.030109315,0.066761728,TRUE,NULL
2674,ALEsKOs01,OxicEvo04tpiAEvo04J01EcoliGlc_Broth-3,biomass,0.339375391,-5995049.155,0.991777631,0.339375391,hr-1,0.00411967,0.021850264,TRUE,NULL
2657,ALEsKOs01,OxicEvo04tpiAEvo04J03EcoliGlc_Broth-1,biomass,0.436026147,-7702223.585,0.998169191,0.436026147,hr-1,1.26E-06,0.009336883,TRUE,NULL
2658,ALEsKOs01,OxicEvo04tpiAEvo04J03EcoliGlc_Broth-2,biomass,0.440807267,-7786680.05,0.99801324,0.440807267,hr-1,1.48E-06,0.009833843,TRUE,NULL
2659,ALEsKOs01,OxicEvo04tpiAEvo04J03EcoliGlc_Broth-3,biomass,0.438695308,-7749373.155,0.998097519,0.438695308,hr-1,1.36E-06,0.009576498,TRUE,NULL
